{
  "fg_pre_scfh": 13.557071194852941,
  "o2_pre_scfh": 16.892570523897056,
  "fo_pre_ratio": 0.80254637242298,
  "flow_pre_scfh": 30.449641718749998,
  "fg_post_scfh": 13.555015411764707,
  "o2_post_scfh": 16.889905762867645,
  "fo_post_ratio": 0.8025512754230593,
  "flow_post_scfh": 30.444921174632352,
  "fg_scfh": 13.556043303308824,
  "o2_scfh": 16.891238143382353,
  "fo_ratio": 0.8025488237296453,
  "flow_scfh": 30.44728144669118,
  "standoff_in": 0.15,
  "fuel": "CH4"
}