{
  "fg_pre_scfh": 17.63664280147059,
  "o2_pre_scfh": 22.478610569852943,
  "fo_pre_ratio": 0.7845966611977285,
  "flow_pre_scfh": 40.11525337132353,
  "fg_post_scfh": 17.571543386029415,
  "o2_post_scfh": 22.473280845588235,
  "fo_post_ratio": 0.7818859874871769,
  "flow_post_scfh": 40.04482423161765,
  "fg_scfh": 17.604093093750002,
  "o2_scfh": 22.47594570772059,
  "fo_ratio": 0.7832414850380651,
  "flow_scfh": 40.08003880147059,
  "standoff_in": 0.15,
  "fuel": "CH4"
}