{
  "fg_pre_scfh": 17.65411659375,
  "o2_pre_scfh": 22.385149209558822,
  "fo_pre_ratio": 0.788653067642337,
  "flow_pre_scfh": 40.03926580330882,
  "fg_post_scfh": 17.529400058823533,
  "o2_post_scfh": 22.445109209558822,
  "fo_post_ratio": 0.780989742360362,
  "flow_post_scfh": 39.974509268382356,
  "fg_scfh": 17.591758326286765,
  "o2_scfh": 22.41512920955882,
  "fo_ratio": 0.7848162801927926,
  "flow_scfh": 40.006887535845586,
  "standoff_in": 0.15,
  "fuel": "CH4"
}