{
  "fg_pre_scfh": 13.411231549632351,
  "o2_pre_scfh": 16.82252228860294,
  "fo_pre_ratio": 0.7972188307765419,
  "flow_pre_scfh": 30.23375383823529,
  "fg_post_scfh": 13.551246507352943,
  "o2_post_scfh": 16.739910726102938,
  "fo_post_ratio": 0.8095172506638381,
  "flow_post_scfh": 30.29115723345588,
  "fg_scfh": 13.481239028492647,
  "o2_scfh": 16.781216507352937,
  "fo_ratio": 0.8033529048734723,
  "flow_scfh": 30.262455535845582,
  "standoff_in": 0.15,
  "fuel": "CH4"
}