{
  "fg_pre_scfh": 17.531113213235297,
  "o2_pre_scfh": 22.485653262867647,
  "fo_pre_ratio": 0.7796577225615154,
  "flow_pre_scfh": 40.016766476102944,
  "fg_post_scfh": 17.516037920955885,
  "o2_post_scfh": 22.48051400735294,
  "fo_post_ratio": 0.7791653658464717,
  "flow_post_scfh": 39.996551928308826,
  "fg_scfh": 17.52357556709559,
  "o2_scfh": 22.483083635110294,
  "fo_ratio": 0.7794115723401136,
  "flow_scfh": 40.00665920220588,
  "standoff_in": 0.15,
  "fuel": "CH4"
}