{
  "fg_pre_scfh": 13.422652494485293,
  "o2_pre_scfh": 16.676714990808826,
  "fo_pre_ratio": 0.8048738916437097,
  "flow_pre_scfh": 30.099367485294117,
  "fg_post_scfh": 13.434072965073527,
  "o2_post_scfh": 16.689468235294118,
  "fo_post_ratio": 0.8049431399296335,
  "flow_post_scfh": 30.123541200367647,
  "fg_scfh": 13.42836272977941,
  "o2_scfh": 16.683091613051474,
  "fo_ratio": 0.8049085290207343,
  "flow_scfh": 30.111454342830882,
  "standoff_in": 0.15,
  "fuel": "CH4"
}