{
  "fg_pre_scfh": 0.015368409761029437,
  "o2_pre_scfh": -0.07929189094669117,
  "fo_pre_ratio": -0.1938206994125262,
  "flow_pre_scfh": -0.06392348118566174,
  "fg_post_scfh": 0.018451930147058843,
  "o2_post_scfh": -0.08081468410845588,
  "fo_post_ratio": -0.2283239778837193,
  "flow_post_scfh": -0.06236275396139704,
  "fg_scfh": 0.016910169954044138,
  "o2_scfh": -0.08005328752757353,
  "fo_ratio": -0.2112364210928827,
  "flow_scfh": -0.06314311757352939,
  "standoff_in": 0.0,
  "fuel": "CH4"
}