{
  "fg_pre_scfh": 13.45679956985294,
  "o2_pre_scfh": 16.89238017463235,
  "fo_pre_ratio": 0.7966195071823747,
  "flow_pre_scfh": 30.34917974448529,
  "fg_post_scfh": 13.542909441176471,
  "o2_post_scfh": 16.893712555147058,
  "fo_post_ratio": 0.8016538340502493,
  "flow_post_scfh": 30.43662199632353,
  "fg_scfh": 13.499854505514705,
  "o2_scfh": 16.893046364889706,
  "fo_ratio": 0.7991367698825851,
  "flow_scfh": 30.39290087040441,
  "standoff_in": 0.15,
  "fuel": "CH4"
}