{
  "fg_pre_scfh": 13.638045766544117,
  "o2_pre_scfh": 16.8910478125,
  "fo_pre_ratio": 0.8074126553860951,
  "flow_pre_scfh": 30.529093579044115,
  "fg_post_scfh": 13.587108297794117,
  "o2_post_scfh": 16.889334715073527,
  "fo_post_ratio": 0.8044785971153611,
  "flow_post_scfh": 30.476443012867644,
  "fg_scfh": 13.612577032169117,
  "o2_scfh": 16.89019126378676,
  "fo_ratio": 0.8059457006478679,
  "flow_scfh": 30.502768295955878,
  "standoff_in": 0.15,
  "fuel": "CH4"
}