{
  "fg_pre_scfh": 13.549190746323532,
  "o2_pre_scfh": 16.89314153492647,
  "fo_pre_ratio": 0.8020527572275802,
  "flow_pre_scfh": 30.442332281250003,
  "fg_post_scfh": 13.549761777573531,
  "o2_post_scfh": 16.892570533088232,
  "fo_post_ratio": 0.802113671867346,
  "flow_post_scfh": 30.44233231066176,
  "fg_scfh": 13.54947626194853,
  "o2_scfh": 16.89285603400735,
  "fo_ratio": 0.8020832140327133,
  "flow_scfh": 30.442332295955882,
  "standoff_in": 0.15,
  "fuel": "CH4"
}