{
  "fg_pre_scfh": 17.410513378676477,
  "o2_pre_scfh": 22.502022490808823,
  "fo_pre_ratio": 0.7737310450999672,
  "flow_pre_scfh": 39.912535869485296,
  "fg_post_scfh": 17.523347012867653,
  "o2_post_scfh": 22.489650376838235,
  "fo_post_ratio": 0.7791738297058941,
  "flow_post_scfh": 40.01299738970589,
  "fg_scfh": 17.466930195772065,
  "o2_scfh": 22.495836433823527,
  "fo_ratio": 0.7764516890561015,
  "flow_scfh": 39.96276662959559,
  "standoff_in": 0.15,
  "fuel": "CH4"
}