{
  "fg_pre_scfh": 0.013883759558823552,
  "o2_pre_scfh": -0.08481201615808821,
  "fo_pre_ratio": -0.16370038336247603,
  "flow_pre_scfh": -0.07092825659926466,
  "fg_post_scfh": 0.010571835882352965,
  "o2_post_scfh": -0.08176642106617647,
  "fo_post_ratio": -0.12929312234171045,
  "flow_post_scfh": -0.0711945851838235,
  "fg_scfh": 0.012227797720588258,
  "o2_scfh": -0.08328921861213234,
  "fo_ratio": -0.1468112911171806,
  "flow_scfh": -0.07106142089154409,
  "standoff_in": 0.0,
  "fuel": "CH4"
}